tweet_id,negativereason,company,name,text,tweet_coord,tweet_created,tweet_location,user_timezone,cleaned_text,sentiment
570106717490393088,Lost Luggage,United,mortgagesbycoop,@united okay ase24766m. Find our luggage.,,2015-02-23 22:23:28 -0800,New Jersey,,find our luggage,negative
568925459540344833,,Southwest,jnlerner,@SouthwestAir so happy that you can finally put your #southwestairlines boarding pass into passbook! Makes life so much easier ‚úàÔ∏è,,2015-02-20 16:09:34 -0800,Los Angeles,Pacific Time (US & Canada),so happy that you can finally put your board pas into passbook make life so much easier airplane,positive
569850912451072000,Customer Service Issue,American,whyemes,@AmericanAir stiiiil waiting. Please respond as my flight leaves in 2 1/2 hrs,,2015-02-23 05:26:59 -0800,,,hr,negative
569263908973903872,Flight Booking Problems,US Airways,ElizabethFrayer,"@USAirways AND my rebooked flt isn't until Monday??  AND I don't get a voucher for a hotel?!  Never again, US airways.",,2015-02-21 14:34:26 -0800,,,and my rebooked flt be until monday and i do get a voucher for a hotel never again us airways,negative
568893072001646592,,United,jeeden_1,@united or us air: http://t.co/Eis9hcNPrO,,2015-02-20 14:00:52 -0800,"Purcellville, VA",,or us air,neutral
568878340200906752,Can't Tell,Southwest,MyStyleVita,@SouthwestAir it's pretty stupid and I probably won't fly it again. Plus hearing nightmare stories of overbooked flights.,,2015-02-20 13:02:20 -0800,Atlanta,Quito,it pretty stupid and i probably wo fly it again plus hear nightmare story of overbooked flight,negative
569664250521763840,,United,emilygalati,"@united can I get on a stand by list from ASE to ORD? I'm the only poor person in Aspen, that's why I'm asking for standby on twitter.",,2015-02-22 17:05:15 -0800,"Chicago, IL",Mountain Time (US & Canada),can i get on a stand by list from ase to ord i m the only poor person in aspen that why i m ask for standby on twitter,negative
569516908195815425,,Delta,djkeating13,"@JetBlue well, the last update was in the right direction, at least! I'll keep my fingers crossed.",,2015-02-22 07:19:46 -0800,"Malden, MA",Eastern Time (US & Canada),well the last update be in the right direction at least i ll keep my finger cross,positive
569920090440916994,,Delta,CyntheaH,@JetBlue The chairs could use some TLC. And more power outlets in the area would be a bonus. Headed to @UniversalORL !,,2015-02-23 10:01:52 -0800,"Burlington, Vermont",Eastern Time (US & Canada),the chair could use some tlc and more power outlet in the area would be a bonus head to,positive
568408074161160192,Late Flight,US Airways,cahillwilliamr,@USAirways on flight # 556 delayed#connection help for flight # 561 # help via email,,2015-02-19 05:53:40 -0800,,,on flight delayed connection help for flight help via email,neutral
568475439460515840,,Delta,sbgblee,"@JetBlue flight attendant Wendi on Flt 127 on 2/17, Newark to Orlando.  üëçüëç",,2015-02-19 10:21:21 -0800,,,flight attendant wendi on flt on newark to orlando thumb up thumb up,positive
570142278729076736,Can't Tell,American,blueswingpark,"@AmericanAir I have emailed several times.hand wrote a letter,went to airport,called.please fix this! Or @abc7newsBayArea please help!",,2015-02-24 00:44:46 -0800,san francisco califorania,Pacific Time (US & Canada),i have email several timeshand write a letter go to airport calledplease fix this or please help,negative
569452063920226304,,Virgin America,NewsSWA,"@VirginAmerica Beats EPS Views, Takes On #SouthwestAir VA LUV - Investor's Business Daily http://t.co/FLwmGDAHxu",,2015-02-22 03:02:06 -0800,FL410,Sydney,beat eps view take on va luv investor business daily,neutral
568487688510287873,Customer Service Issue,Delta,alanbestnyc,"@JetBlue I called jet blue to get an explanation, and make sure it would not happen in the future. I was told to write the fraud dept.",,2015-02-19 11:10:01 -0800,,Quito,i call jet blue to get an explanation and make sure it would dematerialize in the future i be tell to write the fraud dept,negative
567680108002291712,,Delta,TravellerLukose,@JetBlue No worries. Delay was minor and dealt with nicely. It was captain of flight 2324 by the way.,,2015-02-17 05:40:59 -0800,,,no worry delay be minor and dealt with nicely it be captain of flight by the way,positive
569208219072991233,Customer Service Issue,Southwest,Andieeejo,@SouthwestAir üòÖ you won't let me change my reservation online so now I'm just wasting my time. http://t.co/mHA3xXaeD5,,2015-02-21 10:53:09 -0800,,,grin face with sweat you wo let me change my reservation online so now i m just waste my time,negative
569682545375354880,Late Flight,US Airways,ElmiraBudMan,@USAirways @PHLAirport we don't control your stupidity in not having room to have a plane come in. You better not mess with us now.,,2015-02-22 18:17:57 -0800,Does it really matter,,phlairport we do control your stupidity in lack room to have a plane come in you better not mess with us now,negative
569652266006941698,Late Flight,US Airways,JoanEisenstodt,"@USAirways A tweeted apology is not enough for delay fiasco. NONE for insult from gate agent is worse. Except for Mark N., all bad at CLT.",,2015-02-22 16:17:38 -0800,"Washington, DC",Eastern Time (US & Canada),a tweeted apology be not enough for delay fiasco none for insult from gate agent be worse except for mark n all bad at clt,negative
568778028773347329,Customer Service Issue,United,jefftang1975,@united I need assistance with pulling your agents' heads out of their asses,,2015-02-20 06:23:44 -0800,,Pacific Time (US & Canada),i need assistance with pull your agent head out of their ass,negative
568239330168315905,Late Flight,Delta,JustRhinoceros,@JetBlue it says it is now 9:58 you owe me,,2015-02-18 18:43:08 -0800,Saint Leo ,Eastern Time (US & Canada),it say it be now you owe me,negative
567741884140093440,Late Flight,US Airways,Champa24,@USAirways any tips on getting a hotel that your airline won't get for any of us even though we were told that we'd make our flight?,,2015-02-17 09:46:27 -0800,,,any tip on get a hotel that your airline wo get for any of us even though we be tell that we make our flight,negative
569229142597771265,Can't Tell,Delta,BernardLeCroix,"@JetBlue it seems I never received an ID, just a password.",,2015-02-21 12:16:18 -0800,"Providence, RI",Eastern Time (US & Canada),it seem i never receive an id just a password,negative
569992543875653633,,United,jbuhl35,"@united yes, after this awful weather it appears I can get home",,2015-02-23 14:49:47 -0800,"Washington, DC",Atlantic Time (Canada),yes after this awful weather it appear i can get home,neutral
569083218554519552,Can't Tell,US Airways,WTFloris,"@USAirways Umm, can you define 'extra time'?",,2015-02-21 02:36:27 -0800,Raxacoricofallapatorius,Amsterdam,umm can you define extra time,negative
569953847797530624,,Delta,EmilyTetreault,@JetBlue when can we start Flight Booking Problems flights for November?,,2015-02-23 12:16:01 -0800,,,when can we start flight book problem flight for november,neutral
568760785113120768,Cancelled Flight,Southwest,birdman64015,@SouthwestAir hello. my flight is Cancelled Flightled for #destinationdragons and no one at your desk at KCI knows what the fuck is happening!!!!!!!!,,2015-02-20 05:15:12 -0800,"Missouri, unfortunately.",Central Time (US & Canada),hello my flight be cancel flightled for and no one at your desk at kci know what the fuck be happen,negative
568440682584477696,Customer Service Issue,US Airways,CaseyLemke,@USAirways never imagined it would be so hard to SPEND money through US Air. Stubbornly hoping someone will come back to the phone.,,2015-02-19 08:03:14 -0800,Denver,,never imagine it would be so hard to spend money through us air stubbornly hop someone will come back to the phone,negative
570088404156698625,Customer Service Issue,Virgin America,Cuschoolie1,"@VirginAmerica help, left expensive headphones on flight 89 IAD to LAX today. Seat 2A. No one answering L&amp;F number at LAX!","[33.94209449, -118.40410103]",2015-02-23 21:10:41 -0800,Washington DC,Quito,help leave expensive headphone on flight iad to lax today seat no one answer l f number at lax,negative
569595309279440896,,American,RafaANieves,"@AmericanAir if business class if full but 1st class empty, do you guys upgrade EXP members to 1st?",,2015-02-22 12:31:18 -0800,,Quito,if business class if full but class empty do you guy upgrade exp member to,neutral
569633643821441024,Cancelled Flight,Delta,AIMPortW,"@JetBlue last flight was Cancelled Flightled, then it was 2 hours to change a light bulb, now sitting here waiting for maintenance. Unreal.",,2015-02-22 15:03:38 -0800,,,last flight be cancel flightled then it be hour to change a light bulb now sit here wait for maintenance unreal,negative
569782352223666176,,United,Veronique956,@united the staff was rather efficient and got us solutions just freaked me out a little being in limbo in the air.,,2015-02-23 00:54:33 -0800,"Brownsville, Tx",Eastern Time (US & Canada),the staff be rather efficient and get us solution just freak me out a little be in limbo in the air,negative
568066292114001921,Cancelled Flight,US Airways,lisascott09,@USAirways is useless airways. Day 2 trying to get home on standby as a result of their Cancelled Flightlation. #USAirways,,2015-02-18 07:15:32 -0800,,Central Time (US & Canada),be useless airway day try to get home on standby as a result of their cancelled flightlation,negative
569509505022746624,Customer Service Issue,US Airways,ChristineStorch,@USAirways your people are kind and hardworking the infrastructure you have given them is horrid #massivefail #failphone #fail,,2015-02-22 06:50:21 -0800,"Winston-Salem, NC",Eastern Time (US & Canada),your people be kind and hardworking the infrastructure you have give them be horrid failphone,negative
568139144515313664,Cancelled Flight,US Airways,BigDavew2k,@USAirways I have to spend more than the cost of the flight just to get a free room and transportation to and from the airport,,2015-02-18 12:05:02 -0800,,,i have to spend more than the cost of the flight just to get a free room and transportation to and from the airport,negative
568976619089620992,Customer Service Issue,United,callmekaitxo,@united I'm try to upgrade my seats to first class but the wait time on the phone is 40 minutes... can you help?,,2015-02-20 19:32:51 -0800,O H I O,Arizona,i m try to upgrade my seat to first class but the wait time on the phone be minute can you help,negative
567781582791278592,Bad Flight,US Airways,33rdn8th,"@USAirways had a horrible experience flying from Montego Bay to Philadelphia on 2/11. $125 2check a golf bag, constant selling in-flight",,2015-02-17 12:24:12 -0800,,,a golf bag constant selling inflight,negative
567773176031145984,Can't Tell,Delta,travelingranger,@JetBlue I'll give u a chance but I don't think I'll fall for it #backtodelta,,2015-02-17 11:50:48 -0800,,,i ll give u a chance but i do think i ll fall for it,negative
568128236649095168,Customer Service Issue,Southwest,jeparker232,"@SouthwestAir how do i know that my information is not found on other people's account?  I can see someone else's reservation, rr # and trip",,2015-02-18 11:21:41 -0800,,,how do i know that my information be lose on other people account i can see someone else reservation rr and trip,negative
569604655166009345,Flight Attendant Complaints,United,TheFireTracker2,@United You were doing so well until the PHL-SFO flight yesterday. Major miss. Unfriendly Premier cabin crew. Baggage cluster at SFO.,,2015-02-22 13:08:27 -0800,Global- Mostly Silicon Valley,Pacific Time (US & Canada),you be do so well until the phlsfo flight yesterday major miss unfriendly premier cabin crew baggage cluster at sfo,negative
569608570066436096,Customer Service Issue,American,jddowsett,@AmericanAir now down to only one agent helping a stagnant line of almost 100 customers. Super.,,2015-02-22 13:24:00 -0800,"PA, NY & HI",Quito,now down to only one agent help a stagnant line of almost customer super,negative
568421732157161472,Late Flight,United,jfmusial,"@united please explain why I need to pay bag fees twice, equally $1200, because a delayed flight resulted in bags being rechecked overnight?",,2015-02-19 06:47:56 -0800,New York,Eastern Time (US & Canada),please explain why i need to pay bag fee twice equally because a delayed flight result in bag be rechecked overnight,negative
570305063052283904,Bad Flight,American,drhavoc,@americanair thanks for no fresh food on my cross country flight and for making my connection so close No time to eat. TPA-DFW-LAX,,2015-02-24 11:31:37 -0800,Tampa Bay,Eastern Time (US & Canada),thanks for no fresh food on my cross country flight and for make my connection so close no time to eat tpadfwlax,negative
569649433635368961,Late Flight,US Airways,Mwoodshop,@USAirways @AmericanAir Sitting at the gate on Flight 719 for an hour due to computers being down. What backup plan is in place for this??,,2015-02-22 16:06:23 -0800,Jerz,Eastern Time (US & Canada),americanair sit at the gate on flight for an hour due to computer be down what backup plan be in place for this,negative
569448465991737345,Flight Attendant Complaints,United,MMMarketing2014,@united no my concerns were not addressed,,2015-02-22 02:47:48 -0800,#Westford #marketing ,,no my concern be unaddressed,negative
568774932844261376,,US Airways,altadenadad,@USAirways of course weather was a joke 43 beats 5 degrees in PHL! ‚õÑÔ∏è‚òÄÔ∏è,,2015-02-20 06:11:25 -0800,"Haverford, PA & Wilton Manors ",Atlantic Time (Canada),of course weather be a joke beat degree in phl snowman without snow Ô∏è sun,neutral
568377392420356096,,Southwest,vincentpowell,"@SouthwestAir DM sent! Thanks so much for responding! Your response was so timely, I missed it!",,2015-02-19 03:51:44 -0800,"Houston, TX",Central Time (US & Canada),dm send thanks so much for respond your response be so timely i miss it,positive
570276878788861953,Lost Luggage,US Airways,RogerWaterer,@USAirways Need to talk to a person about my bag. Waiting on hold for two hours. Bag s!b delivered last night. Online says not found.,,2015-02-24 09:39:37 -0800,,,need to talk to a person about my bag wait on hold for two hour bag b deliver last night online say not find,negative
567866511626346496,Can't Tell,Southwest,joycarmody,@SouthwestAir not very helpful trying to get out of Nashville.Should waive change fee for 2/18.,,2015-02-17 18:01:41 -0800,Tampa,,not very helpful try to get out of nashvilleshould waive change fee for,negative
568995277580996609,Customer Service Issue,US Airways,FirstTeachers1,@USAirways -doing best??? Think not. Lousy way to run an airline. Why no online way to connect? You be on hold for 2hrs &amp; then zip,,2015-02-20 20:47:00 -0800,"Birmingham, AL",Central Time (US & Canada),doing best think not lousy way to run an airline why no online way to connect you be on hold for then zip,negative
569705786408079360,Late Flight,Delta,WeChiefMusic,@JetBlue apparently the plane was delayed coming up from San Juan. Monsoon there today?,,2015-02-22 19:50:18 -0800,Planet Brooklyn,Atlantic Time (Canada),apparently the plane be delay come up from san juan monsoon there today,negative
567714192980201472,longlines,United,lauralscott,@united last night we waited forever at the gate because someone from corporate dispatch FORGOT to call the crew #unfriendlyskies,"[0.0, 0.0]",2015-02-17 07:56:25 -0800,"√úT: 40.976702,-72.210688",Quito,last night we wait forever at the gate because someone from corporate dispatch forget to call the crew,negative
567736507687895040,,United,BhutanOrient,@united that's what I thought! Thanks for the clarification!,,2015-02-17 09:25:06 -0800,Bhutan,Pacific Time (US & Canada),that what i think thanks for the clarification,positive
569863349737021440,,American,letallec89,@AmericanAir thank you!,,2015-02-23 06:16:24 -0800,,,thank you,positive
569914488541069312,,American,maggiecoliver,@AmericanAir Thank you.,,2015-02-23 09:39:37 -0800,,Eastern Time (US & Canada),thank you,positive
568805444761681921,Customer Service Issue,United,josephpwilson,@united It is all good -- your 1K team has been nothing short of amazing with everything.,,2015-02-20 08:12:40 -0800,"San Francisco, CA",,it be all good your team have be nothing short of amaze with everything,negative
568511969335984128,Flight Attendant Complaints,United,Tamarabrams,@united Rude grouchy agent at Dulles check-in just got my 19 hour trip off to a lousy start. He needs a nap or something.,,2015-02-19 12:46:30 -0800,Arlington Virginia,Eastern Time (US & Canada),rude grouchy agent at dulles checkin just get my hour trip off to a lousy start he need a nap or something,negative
569516852805808129,Customer Service Issue,United,KapuriaMd,@united I have been given a connection with 2 overnight layovers. No vouchers. Last connection not even confirmed.,,2015-02-22 07:19:33 -0800,,,i have be give a connection with overnight layover no voucher last connection odd confirm,negative
568521376245501956,Cancelled Flight,Delta,kbosspotter,@JetBlue I can't do that flight. I need a Late Flightr one! I need you to change my flight. You guys changed it and now I can't do that time!,,2015-02-19 13:23:53 -0800,Logan International Airport,Atlantic Time (Canada),i ca do that flight i need a late flightr one i need you to change my flight you guy change it and now i ca do that time,negative
569717632993263616,Customer Service Issue,American,Taylorgnomey,@AmericanAir I'm home &amp; only 9hr Late Flight.  No thanks to your service centre - their plan involved 4 flight legs all across NA and 2 full days..,,2015-02-22 20:37:23 -0800,,,i m home only late flight no thanks to your service centre their plan involve flight leg all across na and full day,negative
570213783085432832,Late Flight,US Airways,stevan_hicks,@USAirways Youre batting .1000. Every flight Ive taken is delayed. Worst airline. ever.,,2015-02-24 05:28:54 -0800,,,youre bat every flight ive take be delay worst airline ever,negative
568551937185951744,Late Flight,Southwest,RedArmyHooligan,"@SouthwestAir yall say flt 4200 is on time, yet we haven't boarded for a 3:35 departure b/c we are waiting on a new crew. Why the subterfuge",,2015-02-19 15:25:19 -0800,"Plain Ol Plano, TX",,yall say flt be on time yet we have board for a departure bc we be wait on a new crew why the subterfuge,negative
568968141814046720,,Delta,joel_betances,@JetBlue my phone number when you have any news for me is (631)891-5722,,2015-02-20 18:59:10 -0800,new york,,my phone number when you have any news for me be,neutral
570259420287868928,,Virgin America,ElvinaBeck,@VirginAmerica I love the hipster innovation. You are a feel good brand.,,2015-02-24 08:30:15 -0800,Los Angeles,Pacific Time (US & Canada),i love the hipster innovation you be a feel good brand,positive
569319188528963584,Customer Service Issue,United,cbtadvisors,@united Anyone there? Did you read my DM?,,2015-02-21 18:14:06 -0800,"Cambridge, MA, USA",Central Time (US & Canada),anyone there do you read my dm,neutral
569680835894497280,Can't Tell,American,219jondn,@AmericanAir no other (what should be valid) Circle Pacific itineraries can be booked either - always makes all US dest. invalid 4 last leg,,2015-02-22 18:11:10 -0800,"Charlotte, NC | K√∂ln, NRW",Quito,no other what should be valid circle pacific itinerary can be book either always make all us dest invalid last leg,negative
570300915418320897,Cancelled Flight,American,LancasterPattie,"@AmericanAir You are jumping the gun and Cancelled Flighting flights that could've made it before the snow. Now, more Cancelled Flightlations. It's ridiculous.",,2015-02-24 11:15:08 -0800,,,you be jump the gun and cancel flight flight that could make it before the snow now more cancelled flightlations it ridiculous,negative
569621879633391616,Customer Service Issue,American,salitron78,@AmericanAir no response to DM or email yet.  customer service?,,2015-02-22 14:16:53 -0800,on @TheJR,Seoul,no response to dm or email yet customer service,negative
569860103341518849,Customer Service Issue,American,roblasvegas,@AmericanAir I called the EP line and 4 hours Late Flightr I was called back.  I sat on hold for over a hour to US Airways and then cut off,,2015-02-23 06:03:30 -0800,Las Vegas,Pacific Time (US & Canada),i call the ep line and hour late flightr i be call back i sit on hold for over a hour to us airway and then cut off,negative
569302568020549632,,United,c4pyro,@united is there another airport closer to Calgary we can fly out of tomorrow.,,2015-02-21 17:08:04 -0800,,,be there another airport closer to calgary we can fly out of tomorrow,neutral
569880215079428096,,American,takingthekids,@AmericanAir #oaaret is our flight Cancelled Flightled?,"[37.93882337, -107.82065521]",2015-02-23 07:23:25 -0800,New England ,Quito,oaaret be our flight cancel flightled,neutral
569337170210607105,,United,c4pyro,@united are there any upgrades avail to get us all on the same flight,,2015-02-21 19:25:33 -0800,,,be there any upgrade avail to get us all on the same flight,neutral
567760115579621376,Flight Booking Problems,Southwest,sahandmirza,"@SouthwestAir was earlier, for reFlight Booking Problems flight I'm on now. Didn't get a screencap, just said ""unspecified error"" and to call SWA",,2015-02-17 10:58:54 -0800,"San Francisco, CA",,be earlier for reflight book problem flight i m on now do get a screencap just say unspecified error and to call swa,negative
567761297879646208,Flight Attendant Complaints,Southwest,Foxycleo13,@SouthwestAir Ive had on an airline. Everyone else has been great but she soured the whole experience for me. Hope she's not there next time,,2015-02-17 11:03:36 -0800,"Memphis, TN",Central Time (US & Canada),ive have on an airline everyone else have be great but she sour the whole experience for me hope she here next time,negative
570181077861474304,,American,wbarkema,@AmericanAir record number is BPDFPP.,,2015-02-24 03:18:57 -0800,,Central Time (US & Canada),record number be bpdfpp,neutral
568541325735415808,Flight Attendant Complaints,United,morrisls,@united More concerned that you close a club I paid alot for at 10.  Last flight 11:15p.  The construction going on is very inconvenient.,,2015-02-19 14:43:09 -0800,,Quito,more concerned that you close a club i pay alot for at last flight the construction go on be very inconvenient,negative
568581908075933696,Bad Flight,Southwest,abyrley,@SouthwestAir please do something about the speed of your WiFi connections on your planes.  It might as well be non-existent.,,2015-02-19 17:24:25 -0800,"Raleigh, NC",,please do something about the speed of your wifi connection on your plane it might as well be nonexistent,negative
570072227942674432,Customer Service Issue,US Airways,lmeckPR,"@USAirways cust svc means nothing! So disappointed. Trying since 730a to speak to a human I get bad weather not bad service.
#socialtantrum",,2015-02-23 20:06:25 -0800,Maryland,Quito,cust svc mean nothing so disappointed try since to speak to a human i get bad weather good service,negative
568848928466198530,,United,MarthaH65165635,@united since when did you get so good again!  4 transcontinental flights in 72h.  What a pleasure/relief you were.,,2015-02-20 11:05:27 -0800,,,since when do you get so good again transcontinental flight in what a pleasurerelief you be,positive
568890062286385153,,Virgin America,LizaUtter,üëçüëç‚úàÔ∏è‚úàÔ∏èüíó When are you guys going to start flying to Paris? @VirginAmerica: @LizaUtter You're welcome.‚Äù,,2015-02-20 13:48:54 -0800,"Malibu, CA",Pacific Time (US & Canada),thumb up thumb up airplane airplane grow heart when be you guys go to start fly to paris lizautter you welcome,neutral
568963398781808640,Late Flight,United,paulgomez99,@united how is it that my flight #3367 can arrive early and be delayed due to no gate being available. We are now 20 min Late Flight on tarmac,,2015-02-20 18:40:19 -0800,,,how be it that my flight can arrive early and be delay due to no gate be available we be now min late flight on tarmac,negative
567794720425144321,Customer Service Issue,United,k8slo,"@United Your customer service for Mileage Plus customers is a disgrace. I just spent 45 min on the phone to reset a pin number, with no luck",,2015-02-17 13:16:25 -0800,Washington DC,Eastern Time (US & Canada),your customer service for mileage plus customer be a disgrace i just spend min on the phone to reset a pin number with no luck,negative
570229222662410240,Customer Service Issue,American,ChellyChelly,"@AmericanAir I'll be sticking with @southwest in the future. No change fees, first bag free, and stellar customer service.",,2015-02-24 06:30:15 -0800,"Pittsburgh, PA",Eastern Time (US & Canada),i ll be stick with in the future no change fee first bag free and stellar customer service,negative
567793064221130752,Can't Tell,United,ferriertv,@united it would be super if you paid as much attention to actual fliers as you do to credit card holders.,,2015-02-17 13:09:50 -0800,Denver,Mountain Time (US & Canada),it would be super if you pay as much attention to actual flier as you do to credit card holder,negative
567805714216792064,Can't Tell,Southwest,DebMoshier,@SouthwestAir my pts expired. I made a prchase @ an online retailer to b told by SW that those won't show for 6-8 wks so too L8 2 keepmy pts,,2015-02-17 14:00:06 -0800,,,keepmy pt,negative
568162290890964992,,Southwest,chelsiesedore,@SouthwestAir is there a way to know who checked my bag on the curb? She was awesome!!! And want to be sure she gets a high five!,,2015-02-18 13:37:00 -0800,,,be there a way to know who check my bag on the curb she be awesome and want to be sure she get a high five,positive
569866847690100736,Customer Service Issue,Southwest,ChristinaTenti,@SouthwestAir customer service is rude and bothered by our calls. Has no idea what is going on and sighed heavily on the phone. Unbelievable,,2015-02-23 06:30:18 -0800,"Saint Louis, MO USA",Central Time (US & Canada),customer service be rude and bother by our call have no idea what be go on and sigh heavily on the phone unbelievable,negative
569075488926371841,,United,theycallme_HH,@united we are trying to go as far away from King'sCollegeLondon as possible for #charity today. Would you help us ? #jailbreak #RAG,"[0.0, 0.0]",2015-02-21 02:05:44 -0800,Orleans/Tarpon Springs/London,Amsterdam,we be try to go as far away from kingscollegelondon as possible for today would you help us rag,neutral
569678787383857152,Can't Tell,Delta,cbogie,@JetBlue ill call in the morning. too upset right now.,"[40.64797296, -73.77939249]",2015-02-22 18:03:01 -0800,indoors,Pacific Time (US & Canada),ill call in the morning too upset right now,negative
569707409985445889,,American,georgetietjen,@AmericanAir You have a lot on your pLate Flight dealing with Cancelled Flightlations and weather tonite. Those are more important. I know you will respond.,,2015-02-22 19:56:45 -0800,,,you have a lot on your plate flight deal with cancelled flightlations and weather tonite those be more important i know you will respond,positive
568807928154558464,Late Flight,United,MattFrederick00,@united: Worse - headed to LaGuardia (delayed).  Why is the tray table the size of a mouse pad and the overhead the size on my pocket?,,2015-02-20 08:22:32 -0800,,,worse head to laguardia delay why be the tray table the size of a mouse pad and the overhead the size on my pocket,negative
570190931321757696,Customer Service Issue,US Airways,mikejmarsh,@USAirways I've been on hold for 41min. Just trying to change my reservation.,,2015-02-24 03:58:06 -0800,,,i be on hold for just try to change my reservation,negative
568594708177555457,Can't Tell,United,abecohenj,"@united playing hide and seek with the gate. ""We can't find it, it should only be a few more minutes.""",,2015-02-19 18:15:17 -0800,,Eastern Time (US & Canada),play hide and seek with the gate we ca find it it should only be a few more minute,negative
567830279809937408,Cancelled Flight,Southwest,TravelWithSuze,@SouthwestAir flight yesterday Cancelled Flighted. Got to airport 4am today for an on time flight w was delayed Cancelled Flighted than reinstated which caused,,2015-02-17 15:37:43 -0800,"New York, NY",,flight yesterday cancel flight get to airport today for an on time flight w be delay cancel flight than reinstate which cause,negative
568526769373859841,,Southwest,DSauvinet,"@SouthwestAir CEO Gary Kelly, ""You all are absolutely my heroes!"" #SouthwestRally #BWI #bestemployees #swaculture http://t.co/JTxyHQHfJJ",,2015-02-19 13:45:19 -0800,Washington DC,,ceo gary kelly you all be absolutely my hero bwi swaculture,positive
569666778030346240,,Southwest,ScottSusman,"@SouthwestAir Yes, please.",,2015-02-22 17:15:18 -0800,,Central Time (US & Canada),yes please,positive
569275000232013825,Lost Luggage,United,keykeydoodle,@united @USAirways @AmericanAir @americanone one of you has my bag! Claim 4016688561 and i want it in MGA!!!! Now!!!,,2015-02-21 15:18:31 -0800,Wonderland,Eastern Time (US & Canada),usairways americanone one of you have my bag claim and i want it in mga now,negative
568926321369153536,,United,takwind_,"@united Yes, filled out the form last year. Don't have case number handy. Guess I'm not cut out for the historical society afterall",,2015-02-20 16:12:59 -0800,New York | Nomad,Eastern Time (US & Canada),yes fill out the form last year do have case number handy guess i m switchon out for the historical society afterall,neutral
569921309439709184,Bad Flight,United,JMS2802,@united - SERIOUSLY it's 2015?!?!  NO WiFi on a 5hr flight from CLE-SFO #1589.  You're the ONLY airline w/out WiFi...and pls no 'unwind' BS.,,2015-02-23 10:06:43 -0800,,,seriously it no wifi on a flight from clesfo you the only airline wout wifi and pls no unwind b,negative
568911350656675841,,Virgin America,drsaadiaim,@VirginAmerica your inflight team makes the experience #amazing!,,2015-02-20 15:13:30 -0800,Boca Raton FL 33434,,your inflight team make the experience,positive
569501773863493632,,Delta,SNS858585,@JetBlue hi is there a way we can check to track the flight that will arrive &amp; that will be our flight to depart.,,2015-02-22 06:19:38 -0800,,Hawaii,hi be there a way we can check to track the flight that will arrive that will be our flight to depart,neutral
569694350831161344,Customer Service Issue,US Airways,ElmiraBudMan,@USAirways @PHLAirport always nice when a customer service manager threatens customers standing in his understaffed lines for the last hour,,2015-02-22 19:04:52 -0800,Does it really matter,,phlairport always nice when a customer service manager threaten customer stand in his understaffed line for the last hour,negative
569827608193585152,Cancelled Flight,American,justinvanbogart,@AmericanAir - cruel &amp; unusual to Cancelled Flight flight w/o notice &amp; make someone stay on hold for 30min &amp; listen to the same ad in a loop,,2015-02-23 03:54:23 -0800,"Charleston, SC",Eastern Time (US & Canada),cruel unusual to cancel flight flight wo notice make someone stay on hold for listen to the same ad in a loop,negative
567787583138230272,,Southwest,FoxyShred,@SouthwestAir you need this song for your next commercial!  https://t.co/jU9rHZ4RQc. #SWA #love,,2015-02-17 12:48:03 -0800,dallas tx,,you need this song for your next commercial swa,neutral
568454321219596289,Late Flight,US Airways,RichieG99,"@USAirways sorry, I meant flight 4420, which was supposed to depart at 5:00, now says 6:30. What is the issue?",,2015-02-19 08:57:26 -0800,new yorker stranded in PA,,sorry i mean flight which be suppose to depart at shock now say what be the issue,negative
569693767831146497,Late Flight,American,claireh___,@AmericanAir Hey so I'm very disappointed with my time traveling with you! I've had the worst experience and both times the flight delayed!,,2015-02-22 19:02:33 -0800,,Eastern Time (US & Canada),hey so i m very disappointed with my time travel with you i have the worst experience and both time the flight delayed,negative
569367983065137152,Can't Tell,United,WM_j_MW,"@united Freakin""",,2015-02-21 21:28:00 -0800,"Wake Forest, NC",Eastern Time (US & Canada),freakin,negative
570264106059624448,,Delta,tumblehawk,@JetBlue yer deals never seem to include NYC--&gt;PDX or NYC--&gt;PGH...wish they did!,,2015-02-24 08:48:52 -0800,"brooklyn, ny, us",,yer deal never seem to include nyc pdx or nyc pgh wish they do,neutral
570296670568751106,longlines,Southwest,frankplaza_,@SouthwestAir Logically you would think you check all that before you have people board. I could've drove home in the time I've been waiting,,2015-02-24 10:58:16 -0800,"St.Peters, MO",Central Time (US & Canada),logically you would think you check all that before you have people board i could drive home in the time i be wait,negative
568468724048646145,Late Flight,United,Brennej,@united - why am I sitting on this plane for an hour after scheduled takeoff without a cloud in the sky? #keepusguessing #isthisyourfirsttry,,2015-02-19 09:54:40 -0800,,,why be i sit on this plane for an hour after schedule takeoff without a cloud in the sky isthisyourfirsttry,negative
567890395322920960,,Southwest,nicolebass12,"@SouthwestAir big thanks to your team. family emerg, same day ticket, experience was excellent. 1st time flying with yall, not my last!",,2015-02-17 19:36:35 -0800,"Denver, CO",Eastern Time (US & Canada),big thanks to your team family emerg same day ticket experience be excellent time fly with yall not my last,positive
569905124723675136,,United,BossDDS,@united #UnitedAirlines Any other way ORD to ABQ anytime within the next 7 hours?,,2015-02-23 09:02:24 -0800,"North Suburbs, IL  (Chicago)",Central Time (US & Canada),unitedairlines any other way ord to abq anytime within the next hour,neutral
569925929713188864,,Delta,Cpaul91,"@JetBlue lmfao, i love it",,2015-02-23 10:25:05 -0800,RVA-804\757,Hawaii,lmfao i love it,positive
569508282995486720,Can't Tell,United,DanielPaulEller,@united fuck you for not caring üò¢,,2015-02-22 06:45:30 -0800,Chicago,Central Time (US & Canada),fuck you for not care cry face,negative
570058070224728064,Late Flight,American,Vink401,@AmericanAir of delays and trapped on planes with no water or air. Never ever ever again. #neveragain #aafail,,2015-02-23 19:10:09 -0800,"Miami, FL",,of delay and trap on plane with no water or air never ever ever again aafail,negative
569534268130660352,Late Flight,United,jeisensc,@united you can't say the flight is pulled in and departs in 2 mins if boarding hasn't even started! http://t.co/2IKbP8gxWi,"[39.99814659, -82.88058383]",2015-02-22 08:28:45 -0800,"San Diego, CA",Pacific Time (US & Canada),you ca say the flight be pull in and departs in min if boarding have even start,negative
569714640764035073,Lost Luggage,United,Nic_Thoman23,@united compensate us for new clothes bet you won't,"[45.67922537, -111.04823044]",2015-02-22 20:25:29 -0800,GLP,Eastern Time (US & Canada),compensate us for new clothes bet you wo,negative
568165058229997569,Late Flight,US Airways,RayAllStar28,@USAirways this made me have to Cancelled Flight my car reservation and it came out to more money...why did you reschedule a time without the crew?,,2015-02-18 13:48:00 -0800,"Lawrence, MA",,this make me have to cancel flight my car reservation and it come out to more money why do you reschedule a time without the crew,negative
569604173236477952,Customer Service Issue,American,otisday,"@AmericanAir @_emmaclifford No. At JFK you sort of have to guess things out. It's a small airport, so whatever.",,2015-02-22 13:06:32 -0800,Pekin,Eastern Time (US & Canada),emmaclifford no at jfk you sort of have to guess thing out it a small airport so whatever,negative
569674930842775552,,Southwest,briandotcom,@SouthwestAir I changed my flight through St. Louis. Thanks for the reply though!,,2015-02-22 17:47:42 -0800,UTSA '13,Central Time (US & Canada),i change my flight through st louis thanks for the reply though,positive
567784566614540289,,Delta,JetBlueNews,@JetBlue's new CEO Robin Hayes battles to appease passengers and Wall Street - Business In Savannah http://t.co/KKAY8XaPs1,,2015-02-17 12:36:04 -0800,USA,Sydney,new ceo robin hayes battle to appease passenger and wall street business in savannah,neutral
569491346647445505,,United,Potter_Who,@united sister &amp; BIL stuck in Detroit desperately need to be in Florida flying w/ @USAirways is there anything you can do?,,2015-02-22 05:38:12 -0800,whore island ,Eastern Time (US & Canada),sister bil stuck in detroit desperately need to be in florida fly w be there anything you can do,neutral
569217012980805632,,Southwest,joshkmm,@SouthwestAir Any way that I can get a receipt for a Cancelled Flightled portion of a roundtrip flight? Used the flight voucher just need receipt.,,2015-02-21 11:28:06 -0800,"Kansas City, KS",Central Time (US & Canada),any way that i can get a receipt for a cancel flightled portion of a roundtrip flight use the flight voucher just need receipt,neutral
569631648674766848,Customer Service Issue,American,tcunningham10,@AmericanAir @SentieriMelinda Any updates? It shouldn't take hours for assistance. I love @SouthwestAir,"[40.46694635, -82.64579149]",2015-02-22 14:55:42 -0800,Central Ohio,Eastern Time (US & Canada),sentierimelinda any update it should take hour for assistance i love,negative
569605593159352322,,Delta,BASRMNN,@JetBlue thanks. We are ticketed on stand by for flight 1970. I hope we make it out. Fingers crossed,,2015-02-22 13:12:10 -0800,,,thanks we be ticket on stand by for flight i hope we make it out finger cross,positive
569966422744395776,,United,RoatanGallery,"@united I am buying 2 yo own seat on 3 legs of intl trip, car seat? Required? If not- then allowed? Can child still sit w/mom after takeoff?",,2015-02-23 13:05:59 -0800,"Roatan, Islas de la Bahia",Eastern Time (US & Canada),i be buy yo own seat on leg of intl trip car seat require if not then allow can child still sit wmom after takeoff,neutral
569780773194113025,Lost Luggage,United,TimBouhour,"@united I'm glad you didn't mean to, but it doesn't excuse your inefficiency! Only took 70min for the bags, we were your only arrival flight",,2015-02-23 00:48:17 -0800,"Raleigh, NC",,i m glad you do mean to but it do excuse your inefficiency only take for the bag we be your only arrival flight,negative
568210101573722112,Can't Tell,Southwest,AshleighMo_,@SouthwestAir why can't you take me to Knoxville?? yall are my fav #help,,2015-02-18 16:46:59 -0800,TX // IN,Eastern Time (US & Canada),why ca you take me to knoxville yall be my fav,negative
568438860390244353,Late Flight,US Airways,cahillwilliamr,@USAirways can we hold two seats for 11:35 flight from PHX to Las 1856 as this delayed flight 556 is not going to arrive on-time,,2015-02-19 07:56:00 -0800,,,can we hold two seat for flight from phx to las as this delayed flight be beborn to arrive ontime,negative
568534166742003712,,United,Rksshots,@united Just got interrogated at the United Club Chicago. #UnitedAirlines #rude #PoorForm,,2015-02-19 14:14:42 -0800,"San Diego, CA",,just get interrogate at the united club chicago rude,negative
570033341250056193,Customer Service Issue,United,dannydibiase1,@united i left an item on the plane and have been calling non stop and no one has been answering can you please help,,2015-02-23 17:31:53 -0800,,,i leave an item on the plane and have be call non stop and no one have be answer can you please help,negative
567874892634304512,,Southwest,gmckevitt112,@SouthwestAir all good now. Going to make it to Boston on time. I'm actually on your wifi right now,,2015-02-17 18:34:59 -0800,Boston ,,all good now go to make it to boston on time i m actually on your wifi right now,positive
569519040504287232,Can't Tell,US Airways,burseka,@USAirways u guys suck,,2015-02-22 07:28:15 -0800,,,u guy suck,negative
569826992251473921,,United,ohlesliebarker,@united hi -- @united was. Thank you!,,2015-02-23 03:51:56 -0800,"Dallas, Texas",Central Time (US & Canada),hi be thank you,positive
569736434803978240,,Delta,mccormack_sean,@JetBlue with the free wifi #impressive #FlyFi http://t.co/T1RYpzEBc8,,2015-02-22 21:52:05 -0800,New York,Eastern Time (US & Canada),with the free wifi flyfi,neutral
569882830328569856,Cancelled Flight,American,nekMom,"@AmericanAir  when do you anticipate decisions for Cancelled Flightlations at DFW tomorrow morning? Need to rearrange hotel reservations, etc. ASAP!",,2015-02-23 07:33:49 -0800,,,when do you anticipate decision for cancelled flightlations at dfw tomorrow morning need to rearrange hotel reservation etc asap,negative
569153207148150785,Late Flight,US Airways,therealcab,@USAirways how long are you going make us sit in this plane while they repair it? Could I at least get a beer???,,2015-02-21 07:14:33 -0800,,,how long be you go make us sit in this plane while they repair it could i at least get a beer,negative
568457761366781952,Customer Service Issue,Southwest,davedunlap,@SouthwestAir Yes I know that. Also noticed you offer A list boarding after A60. So your programs are too popular.,,2015-02-19 09:11:06 -0800,,Pacific Time (US & Canada),so your program be too popular,negative
568806740227166208,Late Flight,US Airways,emilybard,@USAirways can I get a free mimosa to compensate my flight delay (yet again) thx,,2015-02-20 08:17:49 -0800,"Fairfield, Connecticut",Eastern Time (US & Canada),can i get a free mimosa to compensate my flight delay yet again thx,negative
569703480933408768,Lost Luggage,United,uncommongrape,@united I did. It took about an hour and a half though,,2015-02-22 19:41:09 -0800,"Rockaway, NJ",Eastern Time (US & Canada),i do it take about an hour and a half though,negative
570081213404180480,,United,xRaeCatherine,@united I sent the message. Let me know ASAP.,,2015-02-23 20:42:07 -0800,,,i send the message let me know asap,neutral
568763889506082816,,Delta,dentistmel,@JetBlue Oh I will. #Disney bound. #workhard #playsoon,,2015-02-20 05:27:33 -0800,"East Greenwich,RI",,oh i will bind playsoon,neutral
569686478046887937,Cancelled Flight,American,KingFilson,"@AmericanAir my wife's flight is Cancelled Flightled, told to call. No one answers. How do we book a flight? Help us please",,2015-02-22 18:33:35 -0800,,Central Time (US & Canada),my wife flight be cancel flightled tell to call no one answer how do we book a flight help us please,negative
568803368367366144,,Southwest,geekstiel,@SouthwestAir I DMed you :),,2015-02-20 08:04:25 -0800,,Atlantic Time (Canada),i dmed you smile,neutral
568882601261273089,Customer Service Issue,United,andreamvdlg,"@united its my one and only checked bag, which is checked to edinburgh, however i am being charged randomly from dc to newark",,2015-02-20 13:19:16 -0800,Edinbrah ,Eastern Time (US & Canada),its my one and only check bag which be check to edinburgh however i be be charge randomly from dc to newark,negative
569247182337019904,,United,smithnr,@united Rhonda C. at Atlanta airport redeemed you guys. She got us straightened out.,,2015-02-21 13:27:59 -0800,"31.790466, -85.971558",Central Time (US & Canada),rhonda c at atlanta airport redeem you guy she get us straighten out,positive
569693592597323776,Lost Luggage,American,KerithBurke,"@AmericanAir I understand. I'm feeling cranky. I called AA's bag tracker number and heard ""your bag has not been located."" üò©",,2015-02-22 19:01:51 -0800,SNY in NYC.,Eastern Time (US & Canada),i understand i m feel cranky i call aa bag tracker number and hear your bag have differ locate weary face,negative
569913838746742784,,US Airways,CatieKriewald,"@USAirways contact via FB messages, Twitter DM or text?",,2015-02-23 09:37:02 -0800,"Stillwater, MN",Central Time (US & Canada),contact via fb message twitter dm or text,neutral
568406334787457024,,United,Stacycole,@united Trying to locate passenger that landed 2 hrs ago in @HeathrowAirport UA938. can you assist? Is flight still in customs? PLEASE help,,2015-02-19 05:46:45 -0800,"Wisconsin, ya know",Central Time (US & Canada),can you assist be flight still in custom please help,neutral
568633911959363586,,US Airways,syfialkoff,@USAirways and that you can choose the same seat for free after clicking 100 buttons.,,2015-02-19 20:51:03 -0800,,,and that you can choose the same seat for free after click button,neutral
570281731510571009,Customer Service Issue,American,robkoenigld,@AmericanAir why am I continually getting put on hold by painfully inexperienced people when calling your Platinum desk?!,,2015-02-24 09:58:54 -0800,"indialantic, fl",Eastern Time (US & Canada),why be i continually get put on hold by painfully inexperienced people when call your platinum desk,negative
569620354781425665,Can't Tell,United,kaf_silva,@united i will just send my confirmation number when I get home safe and sound. This is why i pay so expensive services to you!,,2015-02-22 14:10:50 -0800,,,i will just send my confirmation number when i get home safe and sound this be why i pay so expensive service to you,negative
568764059732058112,Late Flight,US Airways,eteune,"@USAirways you told us last night that there was a ground stop at O'Hare FOUR HOURS AFTER Obama landed, stop blaming someone else",,2015-02-20 05:28:13 -0800,Chicago Area,,you tell us last night that there be a ground stop at ohare four hour after obama land stop blame someone else,negative
569961410161192960,Flight Booking Problems,United,GalbraithPeter,@united booked flights for 2 for $779. Was charged $389.50 twice. Means I can't redeem CC points properly. Would have gone elsewhere.,,2015-02-23 12:46:04 -0800,"Kingston, Ontario",Central Time (US & Canada),book flight for for be charge twice mean i ca redeem cc point properly would have go elsewhere,negative
568261238444167170,Lost Luggage,United,lu0ng,@united it's not there we tried. It's already here in cancun just no one has delivered it,,2015-02-18 20:10:11 -0800,,Alaska,it here we try it already here in cancun just no one have deliver it,negative
569630310779854848,Late Flight,Delta,Tom_Constantin,@JetBlue anything serious I should worry about?,,2015-02-22 14:50:23 -0800,3√ò4 ,Quito,anything serious i should worry about,negative
569569639543541762,Customer Service Issue,United,Jim_Rehbein,"@united @czamkoff It's all about profit, and they don't really give a damn about paying customers!!!! #greed",,2015-02-22 10:49:18 -0800,"Ottawa, Ontario",Eastern Time (US & Canada),czamkoff it all about profit and they do really give a damn about pay customer,negative
568433610765815808,Cancelled Flight,United,alex_nieves,@united the Premier desk was able to rebook me with our friends at @AmericanAir. Only problem is now I have to pay for a checked bag :/,,2015-02-19 07:35:08 -0800,Connecticut,Quito,the premier desk be able to rebook me with our friend at only problem be now i have to pay for a checked bag,negative
570050268588597248,Lost Luggage,United,MommyPR,@united can you tell me how to file a claim for clothing that had to be purchased?,,2015-02-23 18:39:09 -0800,Global,Pacific Time (US & Canada),can you tell me how to file a claim for clothing that have to be purchase,negative
569008601009762305,Customer Service Issue,United,johnwoodRTR,@united That is not what your reservations desk just told me.  They said there were plenty of seats,"[39.83426941, -104.69960636]",2015-02-20 21:39:56 -0800,Hong Kong,Eastern Time (US & Canada),that be not what your reservation desk just tell me they say there be plenty of seat,negative
568893453515378689,Can't Tell,Southwest,ChrisJLeary,"@SouthwestAir Your wifi stinks. I'm not mad, but i wouldn't hate it if i got my money refunded.",,2015-02-20 14:02:23 -0800,,Pacific Time (US & Canada),your wifi stink i m not mad but i would hate it if i get my money refund,negative
568124227641065472,,Southwest,kimmck64,@SouthwestAir When does the new schedule open that takes us past 10/31?,,2015-02-18 11:05:45 -0800,,Central Time (US & Canada),when do the new schedule open that take us past,neutral
569721604315312129,Customer Service Issue,US Airways,MrDrewcoleman,@USAirways .... I've been trying to get through to book a reservation and the system will not let me through. Day 3 #ridiculous,,2015-02-22 20:53:10 -0800,Louisiana,Eastern Time (US & Canada),i be try to get through to book a reservation and the system will prevent me through day,negative
569305705750114305,Customer Service Issue,Delta,MaliceDavericks,"@JetBlue figured it out 4 flight 2morrow. Hard to believe with oil so low, and the killing u make that even part of a hotel can't be comp'd",,2015-02-21 17:20:32 -0800,"Rochester, NY",,figure it out flight hard to believe with oil so low and the kill u make that even part of a hotel ca be comp,negative
569864608145502209,,United,nicoleleigh85,@united I already did.,,2015-02-23 06:21:24 -0800,Sheboygan,,i already do,neutral
568204029517553665,,Southwest,ericcox122685,@SouthwestAir I will be writing in about the service via email. My company also transports well over 100 clients monthly via SW.,,2015-02-18 16:22:52 -0800,,Central Time (US & Canada),i will be write in about the service via email my company also transport well over client monthly via sw,neutral
569669795559432192,Customer Service Issue,American,otisday,"@AmericanAir @jameswester see, James, we only have 7 dedicated inbound phone lines because telephones eat into our billions in profits",,2015-02-22 17:27:17 -0800,Pekin,Eastern Time (US & Canada),jameswester see james we only have dedicate inbound phone line because telephone eat into our billion in profit,negative
569604453462110208,Lost Luggage,American,agirlnamedfrank,"@AmericanAir because of you, I am doing the one thing I tried to avoid. Thank you for sending me to baggage claim.",,2015-02-22 13:07:39 -0800,Brooklyn,Eastern Time (US & Canada),because of you i be do the one thing i try to avoid thank you for send me to baggage claim,positive
567782645975625729,Flight Booking Problems,US Airways,shoobe01,"@usairways Yes. Works in Firefox. 

Can do everything but finish purchase. Button turns gray, never submits. For a couple weeks now.",,2015-02-17 12:28:26 -0800,"Mission, Kansas",,yes work in firefox can do everything but finish purchase button turn gray never submit for a couple week now,negative
569268243854192640,Cancelled Flight,Southwest,LWills305,@SouthwestAir There is no way that I am getting back on a plane with your airline. I will be calling to get a refund. As I drive 17 hrs home,,2015-02-21 14:51:40 -0800,,,there be no way that i be get back on a plane with your airline i will be call to get a refund as i drive hr home,negative
568005720026660864,,Delta,yosoyfelixx_,@JetBlue this is lovely!,,2015-02-18 03:14:51 -0800,,,this be lovely,positive
567843415716732928,Customer Service Issue,US Airways,erickofiejones,@USAirways I was told there is no record of my refund.  Can someone please help me. This has been a long day,,2015-02-17 16:29:54 -0800,,Eastern Time (US & Canada),i be tell there be no record of my refund can someone please help me this have be a long day,negative
570042155634450433,Late Flight,American,gcollingwood,"@AmericanAir @americanairlines #BQONPA flight #1641 delayed from POS-MIA, missed #2214 MIA- ATL need seat on last flight to ATL.",,2015-02-23 18:06:55 -0800,"Atlanta, GA USA",,americanairlines flight delay from posmia miss mia atl need seat on last flight to atl,negative
568088470712950784,Customer Service Issue,United,SteefFleur,@united another week has passed and I hoped that I would have had a response by now,,2015-02-18 08:43:40 -0800,Amsterdam,,another week have pass and i hop that i would have have a response by now,negative
568553063935557632,Can't Tell,US Airways,_HaleyMargaret,@USAirways never fails to disappoint.,,2015-02-19 15:29:48 -0800,"Naples, FL",Quito,never fail to disappoint,negative
569531274991239168,Late Flight,United,newguymeltz,"@united as if a 4 hour maintenance delay wasn't enuf, u charge me $25/bag as a global service platinum mbr. Get ur shit together",,2015-02-22 08:16:51 -0800,Bellaire TX,Central Time (US & Canada),as if a hour maintenance delay be enuf u charge me as a global service platinum mbr get ur shit together,negative
568914125549649920,Late Flight,US Airways,RyanMelton,@USAirways - delayed 1851. Need an extra 5 min to make 1769. Would appreciate a little help again this week.,,2015-02-20 15:24:32 -0800,"Independence, MO",Central Time (US & Canada),delayed need an extra min to make would appreciate a little help again this week,negative
569873091763032065,Late Flight,US Airways,ConstanceSCHERE,"@USAirways First the pilot was Late Flight, now it's maintenance. This is EXACTLY what happened two weeks ago. Unacceptable.","[39.88116058, -75.24031037]",2015-02-23 06:55:07 -0800,"Boston, MA",Atlantic Time (Canada),first the pilot be late flight now it maintenance this be exactly what happen two week ago unacceptable,negative
569165652876881920,Can't Tell,United,_LaVitaLoca,@united what incentive do I have to give you another chance?,,2015-02-21 08:04:00 -0800,,Central Time (US & Canada),what incentive do i have to give you another chance,negative
567789433010016256,Customer Service Issue,United,barneykelley,@united Priceless. United stranded my daughter at O'Hare. United did zero to keep her safe.....alone on a plastic chair for 9h! # United Air,,2015-02-17 12:55:24 -0800,"New Canaan, Ct",,priceless united strand my daughter at ohare united do zero to keep her safe alone on a plastic chair for united air,negative
568926268772581377,,Delta,ChicoArtist,"@JetBlue you are officially my favorite, thank you for the wonderful service at JFK",,2015-02-20 16:12:47 -0800,,Pacific Time (US & Canada),you be officially my favorite thank you for the wonderful service at jfk,positive
569924654401495040,Can't Tell,Delta,Runway1R,@JetBlue no. Please stop.,,2015-02-23 10:20:00 -0800,"Home: IAD, College: JFK",,no please stop,negative
569981026598043648,,US Airways,FahadHassan,@USAirways direct flights to SFO leaving from same airport with @VirginAmerica and @united - can you please put me on one of those?,,2015-02-23 14:04:01 -0800,Washington D.C.,Eastern Time (US & Canada),direct flight to sfo leave from same airport with and can you please put me on one of those,neutral
569506389397282816,,Delta,jjkend,@JetBlue üò≠üò≠üò≠üò≠ yall are really better then American Airlines though.,,2015-02-22 06:37:58 -0800,,Mountain Time (US & Canada),loudly cry face loudly cry face loudly cry face loudly cry face yall be really well then american airline though,positive
568229427286405121,,US Airways,dMORE14,@USAirways on Sunday! Can't wait! See you then,,2015-02-18 18:03:47 -0800,chu,Quito,on sunday ca wait see you then,positive
569682010270101504,Late Flight,American,zsalim03,@AmericanAir In car gng to DFW. Pulled over 1hr ago - very icy roads. On-hold with AA since 1hr. Can't reach arpt for AA2450. Wat 2 do?,,2015-02-22 18:15:50 -0800,Texas,Central Time (US & Canada),wat do,negative
569968411561701378,,Southwest,snwrdr30,@SouthwestAir  Northern California coast http://t.co/nm4VNNF8Kb,,2015-02-23 13:13:53 -0800,,,northern california coast,neutral
569914076496850945,Cancelled Flight,US Airways,EdPlotts,"@USAirways / @AmericanAir was the worst experience I've ever had flying. Rude, delays, Cancelled Flightlations, lack of updates, and wasting our time",,2015-02-23 09:37:58 -0800,Philadelphia,Eastern Time (US & Canada),be the worst experience i ever have fly rude delay cancel flightlations lack of update and waste our time,negative
568070386627305472,Flight Booking Problems,US Airways,Shrubbette,"@USAirways Hey! I booked a flight (Isabelle Gramp, Boston to LAX), and it said that it charged my credit card but the transaction didn't go",,2015-02-18 07:31:49 -0800,"Melbourne, Australia",Adelaide,hey i book a flight isabelle gramp boston to lax and it say that it charge my credit card but the transaction do go,negative
568487040234459138,Cancelled Flight,Delta,alanbestnyc,@JetBlue But jet blue had Cancelled Flighted my ticket &amp; never reissued it.,,2015-02-19 11:07:27 -0800,,Quito,but jet blue have cancel flight my ticket never reissue it,negative
569745645956771840,Cancelled Flight,United,patlee,"@united Actually, the flight was just Cancelled Flightled! http://t.co/Qf0Oc2HqeZ","[0.0, 0.0]",2015-02-22 22:28:42 -0800,"Bay Area, CA",Pacific Time (US & Canada),actually the flight be just cancel flightled,negative
569750857215922176,,American,DrDemetre,@AmericanAir 235.  We made it to Seattle...,,2015-02-22 22:49:24 -0800,Brooklyn,Eastern Time (US & Canada),we make it to seattle,neutral
569527524323151873,,United,patrick_maness,@united Yes. To Boston. I was going to Providence.,,2015-02-22 08:01:57 -0800,Rhode Island,Eastern Time (US & Canada),yes to boston i be go to providence,neutral
568109878754934784,Customer Service Issue,United,eatgregeat,"@united you mean like my mailing address and rate? By the surliness of my United ""coworkers"" I'm guessing our benefits aren't great.","[29.97877958, -95.33246329]",2015-02-18 10:08:44 -0800,,Eastern Time (US & Canada),you mean like my mailing address and rate by the surliness of my united coworkers i m guess our benefit be great,negative
568294699515187200,,Southwest,tarunsehgal1986,@SouthwestAir hilarious flight attendants on Vegas to Detroit tonight http://t.co/nw7vx7DGMF,,2015-02-18 22:23:09 -0800,,,hilarious flight attendant on vega to detroit tonight,neutral
569616839761743872,,American,brentblume,"@AmericanAir - yep , they've been good.  Now can you make that 1535 flight to mci wait just a tick....üòÉ",,2015-02-22 13:56:52 -0800,Omaha,Central Time (US & Canada),yep they be good now can you make that flight to mci wait just a tick grin face with big eye,positive
568561924985782272,,US Airways,christinachime,@USAirways thank you finally got our bag. Customer services reps were wonderful.,,2015-02-19 16:05:00 -0800,,,thank you finally get our bag customer service rep be wonderful,positive
569999295631527937,Customer Service Issue,American,waynebevan,@AmericanAir Additional fare cost $19.. Tix change price 195 UK Pounds ($304). $19 not the issue the 195 UK Pounds IS ! #badcustomerservice,,2015-02-23 15:16:36 -0800,,Alaska,additional fare cost tix change price uk pound not the issue the uk pound be,negative
569613113718218752,Can't Tell,Southwest,NatassaCahill,"@SouthwestAir your ""complimentary"" hotel vouchers are BS! $79 a night for the crappiest hotel ever! I wouldn't wish this on my worst enemy!",,2015-02-22 13:42:03 -0800,,,your complimentary hotel voucher be bs a night for the crappiest hotel ever i would wish this on my worst enemy,negative
